tasks, stages, pipelines, cpu, memory
1, 1, 1, 1.31130218506e-05, 0.001
10, 1, 1, 3.00407409668e-05, 0.001
100, 1, 1, 7.60555267334e-05, 0.008
1000, 1, 1, 0.000552892684937, 0.032
10000, 1, 1, 0.00665497779846, 0.501
100000, 1, 1, 0.064777135849, 4.001
1000000, 1, 1, 0.869341850281, 32.001
10000000, 1, 1, 10.9382989407, 256.001
