Pipelines, Stages, Tasks, Memory(MB), Time(secs)
1, 1, 1, 0.00102233886719, 0.216433048248
10, 1, 1, 0.00779724121094, 0.000113964080811
100, 1, 1, 0.0792083740234, 0.000204086303711
1000, 1, 1, 0.718612670898, 0.00174903869629
10000, 1, 1, 7.46421813965, 0.0391900539398
100000, 1, 1, 73.1390228271, 0.245117902756
1000000, 1, 1, 719.387069702, 3.55575299263
