Pipelines, Stages, Tasks, Chars, Memory(MB), Time(secs)
100, 100, 100, 1, 0.0791625976562, 0.650734901428
100, 100, 100, 10, 0.0791702270508, 0.606384992599
100, 100, 100, 100, 0.0792617797852, 0.612249851227
100, 100, 100, 1000, 0.0801162719727, 0.610660076141
100, 100, 100, 10000, 0.0886993408203, 0.637341976166
100, 100, 100, 100000, 0.174530029297, 0.673357963562
100, 100, 100, 1000000, 1.03283691406, 1.22343420982
100, 100, 100, 10000000, 9.61590576172, 6.77962899208
