Pipelines, Stages, Tasks, Memory(MB), Time(secs)
1, 1, 1, 0.00102233886719, 0.000165939331055
1, 10, 1, 0.00102233886719, 0.000757932662964
1, 100, 1, 0.00102233886719, 0.00950503349304
1, 1000, 1, 0.00102233886719, 0.0573830604553
1, 10000, 1, 0.00102233886719, 0.350154876709
1, 100000, 1, 0.00102996826172, 3.27456402779
1, 1000000, 1, 0.00102996826172, 33.6506001949
1, 10000000, 1, 0.00102996826172, 339.151937008
