Pipelines, Stages, Tasks, Memory(MB), Time(secs)
1, 1, 1, 0.00102233886719, 0.000111103057861
1, 1, 10, 0.00216674804688, 9.60826873779e-05
1, 1, 100, 0.0172729492188, 0.000196933746338
1, 1, 1000, 0.0936279296875, 0.0011739730835
1, 1, 10000, 1.20874023438, 0.0105271339417
1, 1, 100000, 10.5786132812, 0.0841279029846
1, 1, 1000000, 93.77734375, 0.757600069046
1, 1, 10000000, 910.429199219, 7.78890013695
