,Active,Canceled,Done,Failed,Launching,New,PendingActive,PendingLaunch,cores,finished,n_units,pid,resource,runtime,sid,started
0,11.66765308380127,38.81838512420654,,,2.014463186264038,1.0531070232391357,5.1447529792785645,1.0531070232391357,1,38.81838512420654,16,pilot.0000,local.localhost,15,rp.session.vivek-Lenovo-IdeaPad-Y480.vivek.016927.0014,11.66765308380127
