tasks, stages, pipelines, cpu, memory
1, 1, 1, 0.000512838363647, 0.001
1, 10, 1, 0.000473022460938, 0.003
1, 100, 1, 0.00393199920654, 0.028
1, 1000, 1, 0.0359508991241, 0.275
1, 10000, 1, 0.247114896774, 2.747
1, 100000, 1, 2.47469592094, 27.466
1, 1000000, 1, 25.6765758991, 274.658
